path,label
data\fruit\SenMangoFruitDDS_bgremoved\Healthy\healthy_106.jpg,Healthy
data\fruit\SenMangoFruitDDS_bgremoved\Alternaria\Alternaria_009.jpg,Alternaria
data\fruit\SenMangoFruitDDS_bgremoved\Black Mould Rot\Aspergillus_051.jpg,Black Mould Rot
data\fruit\SenMangoFruitDDS_bgremoved\Anthracnose\Anthracnose_018.jpg,Anthracnose
data\fruit\SenMangoFruitDDS_bgremoved\Black Mould Rot\Aspergillus_074.jpg,Black Mould Rot
data\fruit\SenMangoFruitDDS_bgremoved\Anthracnose\Anthracnose_020.jpg,Anthracnose
data\fruit\SenMangoFruitDDS_bgremoved\Alternaria\Alternaria_030.jpg,Alternaria
data\fruit\SenMangoFruitDDS_bgremoved\Anthracnose\Anthracnose_011.jpg,Anthracnose
data\fruit\SenMangoFruitDDS_bgremoved\Healthy\healthy_178.jpg,Healthy
data\fruit\SenMangoFruitDDS_bgremoved\Alternaria\Alternaria_098.jpg,Alternaria
data\fruit\SenMangoFruitDDS_bgremoved\Healthy\healthy_150.jpg,Healthy
data\fruit\SenMangoFruitDDS_bgremoved\Healthy\healthy_195.jpg,Healthy
data\fruit\SenMangoFruitDDS_bgremoved\Black Mould Rot\Aspergillus_013.jpg,Black Mould Rot
data\fruit\SenMangoFruitDDS_bgremoved\Healthy\healthy_202.jpg,Healthy
data\fruit\SenMangoFruitDDS_bgremoved\Black Mould Rot\Aspergillus_026.jpg,Black Mould Rot
data\fruit\SenMangoFruitDDS_bgremoved\Healthy\healthy_102.jpg,Healthy
data\fruit\SenMangoFruitDDS_bgremoved\Healthy\healthy_201.jpg,Healthy
data\fruit\SenMangoFruitDDS_bgremoved\Anthracnose\Anthracnose_017.jpg,Anthracnose
data\fruit\SenMangoFruitDDS_bgremoved\Black Mould Rot\Aspergillus_141.jpg,Black Mould Rot
data\fruit\SenMangoFruitDDS_bgremoved\Alternaria\Alternaria_035.jpg,Alternaria
data\fruit\SenMangoFruitDDS_bgremoved\Alternaria\Alternaria_101.jpg,Alternaria
data\fruit\SenMangoFruitDDS_bgremoved\Black Mould Rot\Aspergillus_149.jpg,Black Mould Rot
data\fruit\SenMangoFruitDDS_bgremoved\Healthy\healthy_048.jpg,Healthy
data\fruit\SenMangoFruitDDS_bgremoved\Stem and Rot\Lasiodiplodia_155.jpg,Stem and Rot
data\fruit\SenMangoFruitDDS_bgremoved\Black Mould Rot\Aspergillus_085.jpg,Black Mould Rot
data\fruit\SenMangoFruitDDS_bgremoved\Stem and Rot\Lasiodiplodia_125.jpg,Stem and Rot
data\fruit\SenMangoFruitDDS_bgremoved\Black Mould Rot\Aspergillus_037.jpg,Black Mould Rot
data\fruit\SenMangoFruitDDS_bgremoved\Anthracnose\Anthracnose_086.jpg,Anthracnose
data\fruit\SenMangoFruitDDS_bgremoved\Anthracnose\Anthracnose_100.jpg,Anthracnose
data\fruit\SenMangoFruitDDS_bgremoved\Healthy\healthy_116.jpg,Healthy
data\fruit\SenMangoFruitDDS_bgremoved\Healthy\healthy_066.jpg,Healthy
data\fruit\SenMangoFruitDDS_bgremoved\Black Mould Rot\Aspergillus_048.jpg,Black Mould Rot
data\fruit\SenMangoFruitDDS_bgremoved\Anthracnose\Anthracnose_054.jpg,Anthracnose
data\fruit\SenMangoFruitDDS_bgremoved\Black Mould Rot\Aspergillus_083.jpg,Black Mould Rot
data\fruit\SenMangoFruitDDS_bgremoved\Stem and Rot\Lasiodiplodia_049.jpg,Stem and Rot
data\fruit\SenMangoFruitDDS_bgremoved\Alternaria\Alternaria_045.jpg,Alternaria
data\fruit\SenMangoFruitDDS_bgremoved\Black Mould Rot\Aspergillus_006.jpg,Black Mould Rot
data\fruit\SenMangoFruitDDS_bgremoved\Black Mould Rot\Aspergillus_004.jpg,Black Mould Rot
data\fruit\SenMangoFruitDDS_bgremoved\Black Mould Rot\Aspergillus_042.jpg,Black Mould Rot
data\fruit\SenMangoFruitDDS_bgremoved\Alternaria\Alternaria_072.jpg,Alternaria
data\fruit\SenMangoFruitDDS_bgremoved\Healthy\healthy_110.jpg,Healthy
data\fruit\SenMangoFruitDDS_bgremoved\Stem and Rot\Lasiodiplodia_122.jpg,Stem and Rot
data\fruit\SenMangoFruitDDS_bgremoved\Alternaria\Alternaria_084.jpg,Alternaria
data\fruit\SenMangoFruitDDS_bgremoved\Healthy\healthy_113.jpg,Healthy
data\fruit\SenMangoFruitDDS_bgremoved\Stem and Rot\Lasiodiplodia_025.jpg,Stem and Rot
data\fruit\SenMangoFruitDDS_bgremoved\Anthracnose\Anthracnose_040.jpg,Anthracnose
data\fruit\SenMangoFruitDDS_bgremoved\Healthy\healthy_194.jpg,Healthy
data\fruit\SenMangoFruitDDS_bgremoved\Anthracnose\Anthracnose_007.jpg,Anthracnose
data\fruit\SenMangoFruitDDS_bgremoved\Stem and Rot\Lasiodiplodia_038.jpg,Stem and Rot
data\fruit\SenMangoFruitDDS_bgremoved\Anthracnose\Anthracnose_099.jpg,Anthracnose
data\fruit\SenMangoFruitDDS_bgremoved\Alternaria\Alternaria_122.jpg,Alternaria
data\fruit\SenMangoFruitDDS_bgremoved\Alternaria\Alternaria_016.jpg,Alternaria
data\fruit\SenMangoFruitDDS_bgremoved\Healthy\healthy_037.jpg,Healthy
data\fruit\SenMangoFruitDDS_bgremoved\Stem and Rot\Lasiodiplodia_150.jpg,Stem and Rot
data\fruit\SenMangoFruitDDS_bgremoved\Stem and Rot\Lasiodiplodia_077.jpg,Stem and Rot
data\fruit\SenMangoFruitDDS_bgremoved\Black Mould Rot\Aspergillus_045.jpg,Black Mould Rot
data\fruit\SenMangoFruitDDS_bgremoved\Healthy\healthy_185.jpg,Healthy
data\fruit\SenMangoFruitDDS_bgremoved\Alternaria\Alternaria_065.jpg,Alternaria
data\fruit\SenMangoFruitDDS_bgremoved\Stem and Rot\Lasiodiplodia_004.jpg,Stem and Rot
data\fruit\SenMangoFruitDDS_bgremoved\Stem and Rot\Lasiodiplodia_083.jpg,Stem and Rot
data\fruit\SenMangoFruitDDS_bgremoved\Anthracnose\Anthracnose_122.jpg,Anthracnose
data\fruit\SenMangoFruitDDS_bgremoved\Alternaria\Alternaria_073.jpg,Alternaria
data\fruit\SenMangoFruitDDS_bgremoved\Healthy\healthy_076.jpg,Healthy
data\fruit\SenMangoFruitDDS_bgremoved\Healthy\healthy_154.jpg,Healthy
data\fruit\SenMangoFruitDDS_bgremoved\Anthracnose\Anthracnose_027.jpg,Anthracnose
data\fruit\SenMangoFruitDDS_bgremoved\Alternaria\Alternaria_028.jpg,Alternaria
data\fruit\SenMangoFruitDDS_bgremoved\Healthy\healthy_142.jpg,Healthy
data\fruit\SenMangoFruitDDS_bgremoved\Healthy\healthy_070.jpg,Healthy
data\fruit\SenMangoFruitDDS_bgremoved\Healthy\healthy_145.jpg,Healthy
data\fruit\SenMangoFruitDDS_bgremoved\Anthracnose\Anthracnose_069.jpg,Anthracnose
data\fruit\SenMangoFruitDDS_bgremoved\Black Mould Rot\Aspergillus_053.jpg,Black Mould Rot
data\fruit\SenMangoFruitDDS_bgremoved\Anthracnose\Anthracnose_008.jpg,Anthracnose
data\fruit\SenMangoFruitDDS_bgremoved\Alternaria\Alternaria_080.jpg,Alternaria
data\fruit\SenMangoFruitDDS_bgremoved\Black Mould Rot\Aspergillus_106.jpg,Black Mould Rot
data\fruit\SenMangoFruitDDS_bgremoved\Black Mould Rot\Aspergillus_110.jpg,Black Mould Rot
data\fruit\SenMangoFruitDDS_bgremoved\Healthy\healthy_103.jpg,Healthy
data\fruit\SenMangoFruitDDS_bgremoved\Healthy\healthy_062.jpg,Healthy
data\fruit\SenMangoFruitDDS_bgremoved\Black Mould Rot\Aspergillus_100.jpg,Black Mould Rot
data\fruit\SenMangoFruitDDS_bgremoved\Anthracnose\Anthracnose_097.jpg,Anthracnose
data\fruit\SenMangoFruitDDS_bgremoved\Anthracnose\Anthracnose_087.jpg,Anthracnose
data\fruit\SenMangoFruitDDS_bgremoved\Anthracnose\Anthracnose_129.jpg,Anthracnose
data\fruit\SenMangoFruitDDS_bgremoved\Alternaria\Alternaria_149.jpg,Alternaria
data\fruit\SenMangoFruitDDS_bgremoved\Healthy\healthy_036.jpg,Healthy
data\fruit\SenMangoFruitDDS_bgremoved\Stem and Rot\Lasiodiplodia_015.jpg,Stem and Rot
data\fruit\SenMangoFruitDDS_bgremoved\Stem and Rot\Lasiodiplodia_099.jpg,Stem and Rot
data\fruit\SenMangoFruitDDS_bgremoved\Stem and Rot\Lasiodiplodia_045.jpg,Stem and Rot
data\fruit\SenMangoFruitDDS_bgremoved\Alternaria\Alternaria_138.jpg,Alternaria
data\fruit\SenMangoFruitDDS_bgremoved\Stem and Rot\Lasiodiplodia_024.jpg,Stem and Rot
data\fruit\SenMangoFruitDDS_bgremoved\Healthy\healthy_104.jpg,Healthy
data\fruit\SenMangoFruitDDS_bgremoved\Stem and Rot\Lasiodiplodia_079.jpg,Stem and Rot
data\fruit\SenMangoFruitDDS_bgremoved\Alternaria\Alternaria_090.jpg,Alternaria
data\fruit\SenMangoFruitDDS_bgremoved\Black Mould Rot\Aspergillus_082.jpg,Black Mould Rot
data\fruit\SenMangoFruitDDS_bgremoved\Alternaria\Alternaria_066.jpg,Alternaria
data\fruit\SenMangoFruitDDS_bgremoved\Stem and Rot\Lasiodiplodia_144.jpg,Stem and Rot
data\fruit\SenMangoFruitDDS_bgremoved\Stem and Rot\Lasiodiplodia_107.jpg,Stem and Rot
data\fruit\SenMangoFruitDDS_bgremoved\Anthracnose\Anthracnose_128.jpg,Anthracnose
data\fruit\SenMangoFruitDDS_bgremoved\Alternaria\Alternaria_103.jpg,Alternaria
data\fruit\SenMangoFruitDDS_bgremoved\Black Mould Rot\Aspergillus_092.jpg,Black Mould Rot
data\fruit\SenMangoFruitDDS_bgremoved\Black Mould Rot\Aspergillus_094.jpg,Black Mould Rot
data\fruit\SenMangoFruitDDS_bgremoved\Alternaria\Alternaria_115.jpg,Alternaria
data\fruit\SenMangoFruitDDS_bgremoved\Healthy\healthy_014.jpg,Healthy
data\fruit\SenMangoFruitDDS_bgremoved\Alternaria\Alternaria_010.jpg,Alternaria
data\fruit\SenMangoFruitDDS_bgremoved\Healthy\healthy_028.jpg,Healthy
data\fruit\SenMangoFruitDDS_bgremoved\Healthy\healthy_164.jpg,Healthy
data\fruit\SenMangoFruitDDS_bgremoved\Black Mould Rot\Aspergillus_072.jpg,Black Mould Rot
data\fruit\SenMangoFruitDDS_bgremoved\Stem and Rot\Lasiodiplodia_112.jpg,Stem and Rot
data\fruit\SenMangoFruitDDS_bgremoved\Stem and Rot\Lasiodiplodia_053.jpg,Stem and Rot
data\fruit\SenMangoFruitDDS_bgremoved\Alternaria\Alternaria_031.jpg,Alternaria
data\fruit\SenMangoFruitDDS_bgremoved\Alternaria\Alternaria_109.jpg,Alternaria
data\fruit\SenMangoFruitDDS_bgremoved\Healthy\healthy_171.jpg,Healthy
data\fruit\SenMangoFruitDDS_bgremoved\Anthracnose\Anthracnose_042.jpg,Anthracnose
data\fruit\SenMangoFruitDDS_bgremoved\Stem and Rot\Lasiodiplodia_073.jpg,Stem and Rot
data\fruit\SenMangoFruitDDS_bgremoved\Stem and Rot\Lasiodiplodia_093.jpg,Stem and Rot
data\fruit\SenMangoFruitDDS_bgremoved\Stem and Rot\Lasiodiplodia_075.jpg,Stem and Rot
data\fruit\SenMangoFruitDDS_bgremoved\Healthy\healthy_072.jpg,Healthy
data\fruit\SenMangoFruitDDS_bgremoved\Black Mould Rot\Aspergillus_116.jpg,Black Mould Rot
data\fruit\SenMangoFruitDDS_bgremoved\Alternaria\Alternaria_168.jpg,Alternaria
data\fruit\SenMangoFruitDDS_bgremoved\Stem and Rot\Lasiodiplodia_154.jpg,Stem and Rot
data\fruit\SenMangoFruitDDS_bgremoved\Black Mould Rot\Aspergillus_030.jpg,Black Mould Rot
data\fruit\SenMangoFruitDDS_bgremoved\Alternaria\Alternaria_147.jpg,Alternaria
data\fruit\SenMangoFruitDDS_bgremoved\Stem and Rot\Lasiodiplodia_146.jpg,Stem and Rot
data\fruit\SenMangoFruitDDS_bgremoved\Stem and Rot\Lasiodiplodia_096.jpg,Stem and Rot
data\fruit\SenMangoFruitDDS_bgremoved\Anthracnose\Anthracnose_082.jpg,Anthracnose
data\fruit\SenMangoFruitDDS_bgremoved\Stem and Rot\Lasiodiplodia_017.jpg,Stem and Rot
data\fruit\SenMangoFruitDDS_bgremoved\Alternaria\Alternaria_023.jpg,Alternaria
data\fruit\SenMangoFruitDDS_bgremoved\Black Mould Rot\Aspergillus_167.jpg,Black Mould Rot
data\fruit\SenMangoFruitDDS_bgremoved\Stem and Rot\Lasiodiplodia_003.jpg,Stem and Rot
data\fruit\SenMangoFruitDDS_bgremoved\Anthracnose\Anthracnose_013.jpg,Anthracnose
data\fruit\SenMangoFruitDDS_bgremoved\Black Mould Rot\Aspergillus_175.jpg,Black Mould Rot
data\fruit\SenMangoFruitDDS_bgremoved\Stem and Rot\Lasiodiplodia_036.jpg,Stem and Rot
data\fruit\SenMangoFruitDDS_bgremoved\Alternaria\Alternaria_106.jpg,Alternaria
data\fruit\SenMangoFruitDDS_bgremoved\Healthy\healthy_030.jpg,Healthy
data\fruit\SenMangoFruitDDS_bgremoved\Black Mould Rot\Aspergillus_109.jpg,Black Mould Rot
data\fruit\SenMangoFruitDDS_bgremoved\Black Mould Rot\Aspergillus_151.jpg,Black Mould Rot
data\fruit\SenMangoFruitDDS_bgremoved\Black Mould Rot\Aspergillus_077.jpg,Black Mould Rot
data\fruit\SenMangoFruitDDS_bgremoved\Alternaria\Alternaria_043.jpg,Alternaria
data\fruit\SenMangoFruitDDS_bgremoved\Anthracnose\Anthracnose_030.jpg,Anthracnose
data\fruit\SenMangoFruitDDS_bgremoved\Black Mould Rot\Aspergillus_160.jpg,Black Mould Rot
data\fruit\SenMangoFruitDDS_bgremoved\Alternaria\Alternaria_014.jpg,Alternaria
data\fruit\SenMangoFruitDDS_bgremoved\Alternaria\Alternaria_085.jpg,Alternaria
data\fruit\SenMangoFruitDDS_bgremoved\Stem and Rot\Lasiodiplodia_052.jpg,Stem and Rot
data\fruit\SenMangoFruitDDS_bgremoved\Alternaria\Alternaria_105.jpg,Alternaria
data\fruit\SenMangoFruitDDS_bgremoved\Alternaria\Alternaria_070.jpg,Alternaria
data\fruit\SenMangoFruitDDS_bgremoved\Healthy\healthy_057.jpg,Healthy
data\fruit\SenMangoFruitDDS_bgremoved\Alternaria\Alternaria_050.jpg,Alternaria
data\fruit\SenMangoFruitDDS_bgremoved\Healthy\healthy_056.jpg,Healthy
data\fruit\SenMangoFruitDDS_bgremoved\Healthy\healthy_089.jpg,Healthy
data\fruit\SenMangoFruitDDS_bgremoved\Healthy\healthy_133.jpg,Healthy
data\fruit\SenMangoFruitDDS_bgremoved\Anthracnose\Anthracnose_022.jpg,Anthracnose
data\fruit\SenMangoFruitDDS_bgremoved\Healthy\healthy_148.jpg,Healthy
data\fruit\SenMangoFruitDDS_bgremoved\Black Mould Rot\Aspergillus_124.jpg,Black Mould Rot
data\fruit\SenMangoFruitDDS_bgremoved\Healthy\healthy_045.jpg,Healthy
data\fruit\SenMangoFruitDDS_bgremoved\Black Mould Rot\Aspergillus_089.jpg,Black Mould Rot
data\fruit\SenMangoFruitDDS_bgremoved\Healthy\healthy_042.jpg,Healthy
data\fruit\SenMangoFruitDDS_bgremoved\Alternaria\Alternaria_120.jpg,Alternaria
data\fruit\SenMangoFruitDDS_bgremoved\Alternaria\Alternaria_086.jpg,Alternaria
data\fruit\SenMangoFruitDDS_bgremoved\Black Mould Rot\Aspergillus_060.jpg,Black Mould Rot
data\fruit\SenMangoFruitDDS_bgremoved\Stem and Rot\Lasiodiplodia_009.jpg,Stem and Rot
data\fruit\SenMangoFruitDDS_bgremoved\Healthy\healthy_146.jpg,Healthy
data\fruit\SenMangoFruitDDS_bgremoved\Healthy\healthy_007.jpg,Healthy
data\fruit\SenMangoFruitDDS_bgremoved\Stem and Rot\Lasiodiplodia_094.jpg,Stem and Rot
data\fruit\SenMangoFruitDDS_bgremoved\Anthracnose\Anthracnose_047.jpg,Anthracnose
data\fruit\SenMangoFruitDDS_bgremoved\Alternaria\Alternaria_095.jpg,Alternaria
data\fruit\SenMangoFruitDDS_bgremoved\Anthracnose\Anthracnose_125.jpg,Anthracnose
data\fruit\SenMangoFruitDDS_bgremoved\Black Mould Rot\Aspergillus_128.jpg,Black Mould Rot
data\fruit\SenMangoFruitDDS_bgremoved\Black Mould Rot\Aspergillus_180.jpg,Black Mould Rot
data\fruit\SenMangoFruitDDS_bgremoved\Alternaria\Alternaria_049.jpg,Alternaria
data\fruit\SenMangoFruitDDS_bgremoved\Stem and Rot\Lasiodiplodia_145.jpg,Stem and Rot
data\fruit\SenMangoFruitDDS_bgremoved\Anthracnose\Anthracnose_055.jpg,Anthracnose
data\fruit\SenMangoFruitDDS_bgremoved\Healthy\healthy_192.jpg,Healthy
data\fruit\SenMangoFruitDDS_bgremoved\Healthy\healthy_108.jpg,Healthy
data\fruit\SenMangoFruitDDS_bgremoved\Healthy\healthy_205.jpg,Healthy
data\fruit\SenMangoFruitDDS_bgremoved\Stem and Rot\Lasiodiplodia_068.jpg,Stem and Rot
data\fruit\SenMangoFruitDDS_bgremoved\Anthracnose\Anthracnose_050.jpg,Anthracnose
data\fruit\SenMangoFruitDDS_bgremoved\Stem and Rot\Lasiodiplodia_080.jpg,Stem and Rot
data\fruit\SenMangoFruitDDS_bgremoved\Black Mould Rot\Aspergillus_041.jpg,Black Mould Rot
data\fruit\SenMangoFruitDDS_bgremoved\Alternaria\Alternaria_142.jpg,Alternaria
data\fruit\SenMangoFruitDDS_bgremoved\Alternaria\Alternaria_133.jpg,Alternaria
data\fruit\SenMangoFruitDDS_bgremoved\Healthy\healthy_184.jpg,Healthy
data\fruit\SenMangoFruitDDS_bgremoved\Black Mould Rot\Aspergillus_068.jpg,Black Mould Rot
data\fruit\SenMangoFruitDDS_bgremoved\Stem and Rot\Lasiodiplodia_092.jpg,Stem and Rot
data\fruit\SenMangoFruitDDS_bgremoved\Healthy\healthy_051.jpg,Healthy
data\fruit\SenMangoFruitDDS_bgremoved\Healthy\healthy_165.jpg,Healthy
data\fruit\SenMangoFruitDDS_bgremoved\Black Mould Rot\Aspergillus_027.jpg,Black Mould Rot
data\fruit\SenMangoFruitDDS_bgremoved\Black Mould Rot\Aspergillus_090.jpg,Black Mould Rot
data\fruit\SenMangoFruitDDS_bgremoved\Alternaria\Alternaria_091.jpg,Alternaria
data\fruit\SenMangoFruitDDS_bgremoved\Alternaria\Alternaria_128.jpg,Alternaria
data\fruit\SenMangoFruitDDS_bgremoved\Anthracnose\Anthracnose_056.jpg,Anthracnose
data\fruit\SenMangoFruitDDS_bgremoved\Healthy\healthy_174.jpg,Healthy
data\fruit\SenMangoFruitDDS_bgremoved\Alternaria\Alternaria_081.jpg,Alternaria
data\fruit\SenMangoFruitDDS_bgremoved\Alternaria\Alternaria_114.jpg,Alternaria
data\fruit\SenMangoFruitDDS_bgremoved\Black Mould Rot\Aspergillus_125.jpg,Black Mould Rot
data\fruit\SenMangoFruitDDS_bgremoved\Alternaria\Alternaria_038.jpg,Alternaria
data\fruit\SenMangoFruitDDS_bgremoved\Anthracnose\Anthracnose_121.jpg,Anthracnose
data\fruit\SenMangoFruitDDS_bgremoved\Healthy\healthy_052.jpg,Healthy
data\fruit\SenMangoFruitDDS_bgremoved\Anthracnose\Anthracnose_003.jpg,Anthracnose
data\fruit\SenMangoFruitDDS_bgremoved\Black Mould Rot\Aspergillus_098.jpg,Black Mould Rot
data\fruit\SenMangoFruitDDS_bgremoved\Alternaria\Alternaria_165.jpg,Alternaria
data\fruit\SenMangoFruitDDS_bgremoved\Anthracnose\Anthracnose_015.jpg,Anthracnose
data\fruit\SenMangoFruitDDS_bgremoved\Anthracnose\Anthracnose_065.jpg,Anthracnose
data\fruit\SenMangoFruitDDS_bgremoved\Healthy\healthy_047.jpg,Healthy
data\fruit\SenMangoFruitDDS_bgremoved\Black Mould Rot\Aspergillus_173.jpg,Black Mould Rot
data\fruit\SenMangoFruitDDS_bgremoved\Healthy\healthy_098.jpg,Healthy
data\fruit\SenMangoFruitDDS_bgremoved\Black Mould Rot\Aspergillus_001.jpg,Black Mould Rot
data\fruit\SenMangoFruitDDS_bgremoved\Anthracnose\Anthracnose_044.jpg,Anthracnose
data\fruit\SenMangoFruitDDS_bgremoved\Alternaria\Alternaria_123.jpg,Alternaria
data\fruit\SenMangoFruitDDS_bgremoved\Black Mould Rot\Aspergillus_015.jpg,Black Mould Rot
data\fruit\SenMangoFruitDDS_bgremoved\Healthy\healthy_183.jpg,Healthy
data\fruit\SenMangoFruitDDS_bgremoved\Stem and Rot\Lasiodiplodia_050.jpg,Stem and Rot
data\fruit\SenMangoFruitDDS_bgremoved\Anthracnose\Anthracnose_009.jpg,Anthracnose
data\fruit\SenMangoFruitDDS_bgremoved\Healthy\healthy_031.jpg,Healthy
data\fruit\SenMangoFruitDDS_bgremoved\Stem and Rot\Lasiodiplodia_086.jpg,Stem and Rot
data\fruit\SenMangoFruitDDS_bgremoved\Healthy\healthy_162.jpg,Healthy
data\fruit\SenMangoFruitDDS_bgremoved\Anthracnose\Anthracnose_075.jpg,Anthracnose
data\fruit\SenMangoFruitDDS_bgremoved\Alternaria\Alternaria_075.jpg,Alternaria
data\fruit\SenMangoFruitDDS_bgremoved\Healthy\healthy_086.jpg,Healthy
data\fruit\SenMangoFruitDDS_bgremoved\Healthy\healthy_099.jpg,Healthy
data\fruit\SenMangoFruitDDS_bgremoved\Anthracnose\Anthracnose_066.jpg,Anthracnose
data\fruit\SenMangoFruitDDS_bgremoved\Healthy\healthy_060.jpg,Healthy
data\fruit\SenMangoFruitDDS_bgremoved\Stem and Rot\Lasiodiplodia_153.jpg,Stem and Rot
data\fruit\SenMangoFruitDDS_bgremoved\Black Mould Rot\Aspergillus_157.jpg,Black Mould Rot
data\fruit\SenMangoFruitDDS_bgremoved\Alternaria\Alternaria_110.jpg,Alternaria
data\fruit\SenMangoFruitDDS_bgremoved\Alternaria\Alternaria_158.jpg,Alternaria
data\fruit\SenMangoFruitDDS_bgremoved\Healthy\healthy_200.jpg,Healthy
data\fruit\SenMangoFruitDDS_bgremoved\Anthracnose\Anthracnose_077.jpg,Anthracnose
data\fruit\SenMangoFruitDDS_bgremoved\Alternaria\Alternaria_166.jpg,Alternaria
data\fruit\SenMangoFruitDDS_bgremoved\Black Mould Rot\Aspergillus_127.jpg,Black Mould Rot
data\fruit\SenMangoFruitDDS_bgremoved\Black Mould Rot\Aspergillus_069.jpg,Black Mould Rot
data\fruit\SenMangoFruitDDS_bgremoved\Stem and Rot\Lasiodiplodia_066.jpg,Stem and Rot
data\fruit\SenMangoFruitDDS_bgremoved\Healthy\healthy_087.jpg,Healthy
data\fruit\SenMangoFruitDDS_bgremoved\Anthracnose\Anthracnose_046.jpg,Anthracnose
data\fruit\SenMangoFruitDDS_bgremoved\Alternaria\Alternaria_083.jpg,Alternaria
data\fruit\SenMangoFruitDDS_bgremoved\Healthy\healthy_025.jpg,Healthy
data\fruit\SenMangoFruitDDS_bgremoved\Black Mould Rot\Aspergillus_177.jpg,Black Mould Rot
data\fruit\SenMangoFruitDDS_bgremoved\Stem and Rot\Lasiodiplodia_105.jpg,Stem and Rot
data\fruit\SenMangoFruitDDS_bgremoved\Healthy\healthy_191.jpg,Healthy
data\fruit\SenMangoFruitDDS_bgremoved\Black Mould Rot\Aspergillus_142.jpg,Black Mould Rot
data\fruit\SenMangoFruitDDS_bgremoved\Black Mould Rot\Aspergillus_012.jpg,Black Mould Rot
data\fruit\SenMangoFruitDDS_bgremoved\Black Mould Rot\Aspergillus_086.jpg,Black Mould Rot
data\fruit\SenMangoFruitDDS_bgremoved\Healthy\healthy_172.jpg,Healthy
data\fruit\SenMangoFruitDDS_bgremoved\Black Mould Rot\Aspergillus_073.jpg,Black Mould Rot
data\fruit\SenMangoFruitDDS_bgremoved\Black Mould Rot\Aspergillus_017.jpg,Black Mould Rot
data\fruit\SenMangoFruitDDS_bgremoved\Alternaria\Alternaria_127.jpg,Alternaria
data\fruit\SenMangoFruitDDS_bgremoved\Healthy\healthy_125.jpg,Healthy
data\fruit\SenMangoFruitDDS_bgremoved\Black Mould Rot\Aspergillus_040.jpg,Black Mould Rot
data\fruit\SenMangoFruitDDS_bgremoved\Anthracnose\Anthracnose_123.jpg,Anthracnose
data\fruit\SenMangoFruitDDS_bgremoved\Stem and Rot\Lasiodiplodia_042.jpg,Stem and Rot
data\fruit\SenMangoFruitDDS_bgremoved\Stem and Rot\Lasiodiplodia_048.jpg,Stem and Rot
data\fruit\SenMangoFruitDDS_bgremoved\Healthy\healthy_088.jpg,Healthy
data\fruit\SenMangoFruitDDS_bgremoved\Healthy\healthy_063.jpg,Healthy
data\fruit\SenMangoFruitDDS_bgremoved\Stem and Rot\Lasiodiplodia_136.jpg,Stem and Rot
data\fruit\SenMangoFruitDDS_bgremoved\Black Mould Rot\Aspergillus_135.jpg,Black Mould Rot
data\fruit\SenMangoFruitDDS_bgremoved\Alternaria\Alternaria_157.jpg,Alternaria
data\fruit\SenMangoFruitDDS_bgremoved\Healthy\healthy_132.jpg,Healthy
data\fruit\SenMangoFruitDDS_bgremoved\Alternaria\Alternaria_124.jpg,Alternaria
data\fruit\SenMangoFruitDDS_bgremoved\Anthracnose\Anthracnose_096.jpg,Anthracnose
data\fruit\SenMangoFruitDDS_bgremoved\Alternaria\Alternaria_131.jpg,Alternaria
data\fruit\SenMangoFruitDDS_bgremoved\Anthracnose\Anthracnose_067.jpg,Anthracnose
data\fruit\SenMangoFruitDDS_bgremoved\Black Mould Rot\Aspergillus_136.jpg,Black Mould Rot
data\fruit\SenMangoFruitDDS_bgremoved\Stem and Rot\Lasiodiplodia_020.jpg,Stem and Rot
data\fruit\SenMangoFruitDDS_bgremoved\Black Mould Rot\Aspergillus_182.jpg,Black Mould Rot
data\fruit\SenMangoFruitDDS_bgremoved\Anthracnose\Anthracnose_126.jpg,Anthracnose
data\fruit\SenMangoFruitDDS_bgremoved\Healthy\healthy_169.jpg,Healthy
data\fruit\SenMangoFruitDDS_bgremoved\Healthy\healthy_175.jpg,Healthy
data\fruit\SenMangoFruitDDS_bgremoved\Anthracnose\Anthracnose_034.jpg,Anthracnose
data\fruit\SenMangoFruitDDS_bgremoved\Black Mould Rot\Aspergillus_115.jpg,Black Mould Rot
data\fruit\SenMangoFruitDDS_bgremoved\Stem and Rot\Lasiodiplodia_142.jpg,Stem and Rot
data\fruit\SenMangoFruitDDS_bgremoved\Stem and Rot\Lasiodiplodia_127.jpg,Stem and Rot
data\fruit\SenMangoFruitDDS_bgremoved\Healthy\healthy_122.jpg,Healthy
data\fruit\SenMangoFruitDDS_bgremoved\Black Mould Rot\Aspergillus_076.jpg,Black Mould Rot
data\fruit\SenMangoFruitDDS_bgremoved\Anthracnose\Anthracnose_094.jpg,Anthracnose
data\fruit\SenMangoFruitDDS_bgremoved\Alternaria\Alternaria_137.jpg,Alternaria
data\fruit\SenMangoFruitDDS_bgremoved\Black Mould Rot\Aspergillus_002.jpg,Black Mould Rot
data\fruit\SenMangoFruitDDS_bgremoved\Stem and Rot\Lasiodiplodia_007.jpg,Stem and Rot
data\fruit\SenMangoFruitDDS_bgremoved\Healthy\healthy_049.jpg,Healthy
data\fruit\SenMangoFruitDDS_bgremoved\Stem and Rot\Lasiodiplodia_129.jpg,Stem and Rot
data\fruit\SenMangoFruitDDS_bgremoved\Black Mould Rot\Aspergillus_020.jpg,Black Mould Rot
data\fruit\SenMangoFruitDDS_bgremoved\Healthy\healthy_126.jpg,Healthy
data\fruit\SenMangoFruitDDS_bgremoved\Anthracnose\Anthracnose_026.jpg,Anthracnose
data\fruit\SenMangoFruitDDS_bgremoved\Anthracnose\Anthracnose_035.jpg,Anthracnose
data\fruit\SenMangoFruitDDS_bgremoved\Anthracnose\Anthracnose_057.jpg,Anthracnose
data\fruit\SenMangoFruitDDS_bgremoved\Healthy\healthy_121.jpg,Healthy
data\fruit\SenMangoFruitDDS_bgremoved\Anthracnose\Anthracnose_062.jpg,Anthracnose
data\fruit\SenMangoFruitDDS_bgremoved\Alternaria\Alternaria_011.jpg,Alternaria
data\fruit\SenMangoFruitDDS_bgremoved\Healthy\healthy_082.jpg,Healthy
data\fruit\SenMangoFruitDDS_bgremoved\Anthracnose\Anthracnose_012.jpg,Anthracnose
data\fruit\SenMangoFruitDDS_bgremoved\Alternaria\Alternaria_039.jpg,Alternaria
data\fruit\SenMangoFruitDDS_bgremoved\Healthy\healthy_199.jpg,Healthy
data\fruit\SenMangoFruitDDS_bgremoved\Stem and Rot\Lasiodiplodia_109.jpg,Stem and Rot
data\fruit\SenMangoFruitDDS_bgremoved\Healthy\healthy_151.jpg,Healthy
data\fruit\SenMangoFruitDDS_bgremoved\Stem and Rot\Lasiodiplodia_037.jpg,Stem and Rot
data\fruit\SenMangoFruitDDS_bgremoved\Alternaria\Alternaria_139.jpg,Alternaria
data\fruit\SenMangoFruitDDS_bgremoved\Alternaria\Alternaria_102.jpg,Alternaria
data\fruit\SenMangoFruitDDS_bgremoved\Black Mould Rot\Aspergillus_067.jpg,Black Mould Rot
data\fruit\SenMangoFruitDDS_bgremoved\Alternaria\Alternaria_078.jpg,Alternaria
data\fruit\SenMangoFruitDDS_bgremoved\Alternaria\Alternaria_054.jpg,Alternaria
data\fruit\SenMangoFruitDDS_bgremoved\Anthracnose\Anthracnose_014.jpg,Anthracnose
data\fruit\SenMangoFruitDDS_bgremoved\Healthy\healthy_156.jpg,Healthy
data\fruit\SenMangoFruitDDS_bgremoved\Healthy\healthy_139.jpg,Healthy
data\fruit\SenMangoFruitDDS_bgremoved\Anthracnose\Anthracnose_037.jpg,Anthracnose
data\fruit\SenMangoFruitDDS_bgremoved\Black Mould Rot\Aspergillus_010.jpg,Black Mould Rot
data\fruit\SenMangoFruitDDS_bgremoved\Healthy\healthy_068.jpg,Healthy
data\fruit\SenMangoFruitDDS_bgremoved\Black Mould Rot\Aspergillus_032.jpg,Black Mould Rot
data\fruit\SenMangoFruitDDS_bgremoved\Stem and Rot\Lasiodiplodia_012.jpg,Stem and Rot
data\fruit\SenMangoFruitDDS_bgremoved\Anthracnose\Anthracnose_048.jpg,Anthracnose
data\fruit\SenMangoFruitDDS_bgremoved\Black Mould Rot\Aspergillus_091.jpg,Black Mould Rot
data\fruit\SenMangoFruitDDS_bgremoved\Black Mould Rot\Aspergillus_145.jpg,Black Mould Rot
data\fruit\SenMangoFruitDDS_bgremoved\Healthy\healthy_032.jpg,Healthy
data\fruit\SenMangoFruitDDS_bgremoved\Healthy\healthy_166.jpg,Healthy
data\fruit\SenMangoFruitDDS_bgremoved\Anthracnose\Anthracnose_103.jpg,Anthracnose
data\fruit\SenMangoFruitDDS_bgremoved\Healthy\healthy_077.jpg,Healthy
data\fruit\SenMangoFruitDDS_bgremoved\Stem and Rot\Lasiodiplodia_090.jpg,Stem and Rot
data\fruit\SenMangoFruitDDS_bgremoved\Healthy\healthy_073.jpg,Healthy
data\fruit\SenMangoFruitDDS_bgremoved\Alternaria\Alternaria_024.jpg,Alternaria
data\fruit\SenMangoFruitDDS_bgremoved\Anthracnose\Anthracnose_113.jpg,Anthracnose
data\fruit\SenMangoFruitDDS_bgremoved\Healthy\healthy_111.jpg,Healthy
data\fruit\SenMangoFruitDDS_bgremoved\Black Mould Rot\Aspergillus_078.jpg,Black Mould Rot
data\fruit\SenMangoFruitDDS_bgremoved\Black Mould Rot\Aspergillus_043.jpg,Black Mould Rot
data\fruit\SenMangoFruitDDS_bgremoved\Stem and Rot\Lasiodiplodia_067.jpg,Stem and Rot
data\fruit\SenMangoFruitDDS_bgremoved\Black Mould Rot\Aspergillus_008.jpg,Black Mould Rot
data\fruit\SenMangoFruitDDS_bgremoved\Stem and Rot\Lasiodiplodia_040.jpg,Stem and Rot
data\fruit\SenMangoFruitDDS_bgremoved\Alternaria\Alternaria_130.jpg,Alternaria
data\fruit\SenMangoFruitDDS_bgremoved\Healthy\healthy_018.jpg,Healthy
data\fruit\SenMangoFruitDDS_bgremoved\Healthy\healthy_053.jpg,Healthy
data\fruit\SenMangoFruitDDS_bgremoved\Healthy\healthy_013.jpg,Healthy
data\fruit\SenMangoFruitDDS_bgremoved\Healthy\healthy_134.jpg,Healthy
data\fruit\SenMangoFruitDDS_bgremoved\Healthy\healthy_059.jpg,Healthy
data\fruit\SenMangoFruitDDS_bgremoved\Stem and Rot\Lasiodiplodia_106.jpg,Stem and Rot
data\fruit\SenMangoFruitDDS_bgremoved\Stem and Rot\Lasiodiplodia_115.jpg,Stem and Rot
data\fruit\SenMangoFruitDDS_bgremoved\Anthracnose\Anthracnose_064.jpg,Anthracnose
data\fruit\SenMangoFruitDDS_bgremoved\Healthy\healthy_055.jpg,Healthy
data\fruit\SenMangoFruitDDS_bgremoved\Healthy\healthy_009.jpg,Healthy
data\fruit\SenMangoFruitDDS_bgremoved\Anthracnose\Anthracnose_039.jpg,Anthracnose
data\fruit\SenMangoFruitDDS_bgremoved\Stem and Rot\Lasiodiplodia_071.jpg,Stem and Rot
data\fruit\SenMangoFruitDDS_bgremoved\Stem and Rot\Lasiodiplodia_001.jpg,Stem and Rot
data\fruit\SenMangoFruitDDS_bgremoved\Stem and Rot\Lasiodiplodia_138.jpg,Stem and Rot
data\fruit\SenMangoFruitDDS_bgremoved\Anthracnose\Anthracnose_019.jpg,Anthracnose
data\fruit\SenMangoFruitDDS_bgremoved\Black Mould Rot\Aspergillus_014.jpg,Black Mould Rot
data\fruit\SenMangoFruitDDS_bgremoved\Healthy\healthy_017.jpg,Healthy
data\fruit\SenMangoFruitDDS_bgremoved\Black Mould Rot\Aspergillus_065.jpg,Black Mould Rot
data\fruit\SenMangoFruitDDS_bgremoved\Anthracnose\Anthracnose_016.jpg,Anthracnose
data\fruit\SenMangoFruitDDS_bgremoved\Healthy\healthy_158.jpg,Healthy
data\fruit\SenMangoFruitDDS_bgremoved\Healthy\healthy_083.jpg,Healthy
data\fruit\SenMangoFruitDDS_bgremoved\Stem and Rot\Lasiodiplodia_137.jpg,Stem and Rot
data\fruit\SenMangoFruitDDS_bgremoved\Stem and Rot\Lasiodiplodia_087.jpg,Stem and Rot
data\fruit\SenMangoFruitDDS_bgremoved\Anthracnose\Anthracnose_116.jpg,Anthracnose
data\fruit\SenMangoFruitDDS_bgremoved\Black Mould Rot\Aspergillus_170.jpg,Black Mould Rot
data\fruit\SenMangoFruitDDS_bgremoved\Healthy\healthy_041.jpg,Healthy
data\fruit\SenMangoFruitDDS_bgremoved\Alternaria\Alternaria_067.jpg,Alternaria
data\fruit\SenMangoFruitDDS_bgremoved\Healthy\healthy_005.jpg,Healthy
data\fruit\SenMangoFruitDDS_bgremoved\Healthy\healthy_107.jpg,Healthy
data\fruit\SenMangoFruitDDS_bgremoved\Stem and Rot\Lasiodiplodia_123.jpg,Stem and Rot
data\fruit\SenMangoFruitDDS_bgremoved\Stem and Rot\Lasiodiplodia_054.jpg,Stem and Rot
data\fruit\SenMangoFruitDDS_bgremoved\Anthracnose\Anthracnose_081.jpg,Anthracnose
data\fruit\SenMangoFruitDDS_bgremoved\Stem and Rot\Lasiodiplodia_151.jpg,Stem and Rot
data\fruit\SenMangoFruitDDS_bgremoved\Stem and Rot\Lasiodiplodia_056.jpg,Stem and Rot
data\fruit\SenMangoFruitDDS_bgremoved\Stem and Rot\Lasiodiplodia_051.jpg,Stem and Rot
data\fruit\SenMangoFruitDDS_bgremoved\Healthy\healthy_109.jpg,Healthy
data\fruit\SenMangoFruitDDS_bgremoved\Stem and Rot\Lasiodiplodia_134.jpg,Stem and Rot
data\fruit\SenMangoFruitDDS_bgremoved\Stem and Rot\Lasiodiplodia_031.jpg,Stem and Rot
data\fruit\SenMangoFruitDDS_bgremoved\Stem and Rot\Lasiodiplodia_044.jpg,Stem and Rot
data\fruit\SenMangoFruitDDS_bgremoved\Stem and Rot\Lasiodiplodia_014.jpg,Stem and Rot
data\fruit\SenMangoFruitDDS_bgremoved\Healthy\healthy_167.jpg,Healthy
data\fruit\SenMangoFruitDDS_bgremoved\Stem and Rot\Lasiodiplodia_043.jpg,Stem and Rot
data\fruit\SenMangoFruitDDS_bgremoved\Black Mould Rot\Aspergillus_152.jpg,Black Mould Rot
data\fruit\SenMangoFruitDDS_bgremoved\Healthy\healthy_112.jpg,Healthy
data\fruit\SenMangoFruitDDS_bgremoved\Stem and Rot\Lasiodiplodia_131.jpg,Stem and Rot
data\fruit\SenMangoFruitDDS_bgremoved\Anthracnose\Anthracnose_024.jpg,Anthracnose
data\fruit\SenMangoFruitDDS_bgremoved\Anthracnose\Anthracnose_070.jpg,Anthracnose
data\fruit\SenMangoFruitDDS_bgremoved\Alternaria\Alternaria_037.jpg,Alternaria
data\fruit\SenMangoFruitDDS_bgremoved\Alternaria\Alternaria_017.jpg,Alternaria
data\fruit\SenMangoFruitDDS_bgremoved\Healthy\healthy_011.jpg,Healthy
data\fruit\SenMangoFruitDDS_bgremoved\Anthracnose\Anthracnose_043.jpg,Anthracnose
data\fruit\SenMangoFruitDDS_bgremoved\Anthracnose\Anthracnose_112.jpg,Anthracnose
data\fruit\SenMangoFruitDDS_bgremoved\Black Mould Rot\Aspergillus_021.jpg,Black Mould Rot
data\fruit\SenMangoFruitDDS_bgremoved\Alternaria\Alternaria_071.jpg,Alternaria
data\fruit\SenMangoFruitDDS_bgremoved\Alternaria\Alternaria_132.jpg,Alternaria
data\fruit\SenMangoFruitDDS_bgremoved\Black Mould Rot\Aspergillus_156.jpg,Black Mould Rot
data\fruit\SenMangoFruitDDS_bgremoved\Healthy\healthy_136.jpg,Healthy
data\fruit\SenMangoFruitDDS_bgremoved\Stem and Rot\Lasiodiplodia_021.jpg,Stem and Rot
data\fruit\SenMangoFruitDDS_bgremoved\Healthy\healthy_127.jpg,Healthy
data\fruit\SenMangoFruitDDS_bgremoved\Alternaria\Alternaria_146.jpg,Alternaria
data\fruit\SenMangoFruitDDS_bgremoved\Black Mould Rot\Aspergillus_071.jpg,Black Mould Rot
data\fruit\SenMangoFruitDDS_bgremoved\Alternaria\Alternaria_052.jpg,Alternaria
data\fruit\SenMangoFruitDDS_bgremoved\Anthracnose\Anthracnose_107.jpg,Anthracnose
data\fruit\SenMangoFruitDDS_bgremoved\Stem and Rot\Lasiodiplodia_078.jpg,Stem and Rot
data\fruit\SenMangoFruitDDS_bgremoved\Stem and Rot\Lasiodiplodia_034.jpg,Stem and Rot
data\fruit\SenMangoFruitDDS_bgremoved\Healthy\healthy_026.jpg,Healthy
data\fruit\SenMangoFruitDDS_bgremoved\Healthy\healthy_149.jpg,Healthy
data\fruit\SenMangoFruitDDS_bgremoved\Alternaria\Alternaria_100.jpg,Alternaria
data\fruit\SenMangoFruitDDS_bgremoved\Anthracnose\Anthracnose_074.jpg,Anthracnose
data\fruit\SenMangoFruitDDS_bgremoved\Black Mould Rot\Aspergillus_057.jpg,Black Mould Rot
data\fruit\SenMangoFruitDDS_bgremoved\Black Mould Rot\Aspergillus_058.jpg,Black Mould Rot
data\fruit\SenMangoFruitDDS_bgremoved\Black Mould Rot\Aspergillus_154.jpg,Black Mould Rot
data\fruit\SenMangoFruitDDS_bgremoved\Black Mould Rot\Aspergillus_132.jpg,Black Mould Rot
data\fruit\SenMangoFruitDDS_bgremoved\Black Mould Rot\Aspergillus_184.jpg,Black Mould Rot
data\fruit\SenMangoFruitDDS_bgremoved\Stem and Rot\Lasiodiplodia_065.jpg,Stem and Rot
data\fruit\SenMangoFruitDDS_bgremoved\Healthy\healthy_129.jpg,Healthy
data\fruit\SenMangoFruitDDS_bgremoved\Black Mould Rot\Aspergillus_096.jpg,Black Mould Rot
data\fruit\SenMangoFruitDDS_bgremoved\Black Mould Rot\Aspergillus_033.jpg,Black Mould Rot
data\fruit\SenMangoFruitDDS_bgremoved\Healthy\healthy_143.jpg,Healthy
data\fruit\SenMangoFruitDDS_bgremoved\Healthy\healthy_027.jpg,Healthy
data\fruit\SenMangoFruitDDS_bgremoved\Alternaria\Alternaria_046.jpg,Alternaria
data\fruit\SenMangoFruitDDS_bgremoved\Healthy\healthy_188.jpg,Healthy
data\fruit\SenMangoFruitDDS_bgremoved\Black Mould Rot\Aspergillus_139.jpg,Black Mould Rot
data\fruit\SenMangoFruitDDS_bgremoved\Healthy\healthy_019.jpg,Healthy
data\fruit\SenMangoFruitDDS_bgremoved\Alternaria\Alternaria_007.jpg,Alternaria
data\fruit\SenMangoFruitDDS_bgremoved\Alternaria\Alternaria_033.jpg,Alternaria
data\fruit\SenMangoFruitDDS_bgremoved\Stem and Rot\Lasiodiplodia_103.jpg,Stem and Rot
data\fruit\SenMangoFruitDDS_bgremoved\Healthy\healthy_003.jpg,Healthy
data\fruit\SenMangoFruitDDS_bgremoved\Healthy\healthy_020.jpg,Healthy
data\fruit\SenMangoFruitDDS_bgremoved\Healthy\healthy_064.jpg,Healthy
data\fruit\SenMangoFruitDDS_bgremoved\Black Mould Rot\Aspergillus_107.jpg,Black Mould Rot
data\fruit\SenMangoFruitDDS_bgremoved\Stem and Rot\Lasiodiplodia_157.jpg,Stem and Rot
data\fruit\SenMangoFruitDDS_bgremoved\Alternaria\Alternaria_116.jpg,Alternaria
data\fruit\SenMangoFruitDDS_bgremoved\Black Mould Rot\Aspergillus_122.jpg,Black Mould Rot
data\fruit\SenMangoFruitDDS_bgremoved\Stem and Rot\Lasiodiplodia_019.jpg,Stem and Rot
data\fruit\SenMangoFruitDDS_bgremoved\Healthy\healthy_120.jpg,Healthy
data\fruit\SenMangoFruitDDS_bgremoved\Healthy\healthy_155.jpg,Healthy
data\fruit\SenMangoFruitDDS_bgremoved\Healthy\healthy_061.jpg,Healthy
data\fruit\SenMangoFruitDDS_bgremoved\Stem and Rot\Lasiodiplodia_074.jpg,Stem and Rot
data\fruit\SenMangoFruitDDS_bgremoved\Healthy\healthy_038.jpg,Healthy
data\fruit\SenMangoFruitDDS_bgremoved\Black Mould Rot\Aspergillus_079.jpg,Black Mould Rot
data\fruit\SenMangoFruitDDS_bgremoved\Stem and Rot\Lasiodiplodia_002.jpg,Stem and Rot
data\fruit\SenMangoFruitDDS_bgremoved\Black Mould Rot\Aspergillus_087.jpg,Black Mould Rot
data\fruit\SenMangoFruitDDS_bgremoved\Alternaria\Alternaria_058.jpg,Alternaria
data\fruit\SenMangoFruitDDS_bgremoved\Black Mould Rot\Aspergillus_059.jpg,Black Mould Rot
data\fruit\SenMangoFruitDDS_bgremoved\Black Mould Rot\Aspergillus_131.jpg,Black Mould Rot
data\fruit\SenMangoFruitDDS_bgremoved\Alternaria\Alternaria_044.jpg,Alternaria
data\fruit\SenMangoFruitDDS_bgremoved\Anthracnose\Anthracnose_005.jpg,Anthracnose
data\fruit\SenMangoFruitDDS_bgremoved\Anthracnose\Anthracnose_058.jpg,Anthracnose
data\fruit\SenMangoFruitDDS_bgremoved\Alternaria\Alternaria_020.jpg,Alternaria
data\fruit\SenMangoFruitDDS_bgremoved\Stem and Rot\Lasiodiplodia_039.jpg,Stem and Rot
data\fruit\SenMangoFruitDDS_bgremoved\Anthracnose\Anthracnose_021.jpg,Anthracnose
data\fruit\SenMangoFruitDDS_bgremoved\Anthracnose\Anthracnose_006.jpg,Anthracnose
data\fruit\SenMangoFruitDDS_bgremoved\Healthy\healthy_091.jpg,Healthy
data\fruit\SenMangoFruitDDS_bgremoved\Black Mould Rot\Aspergillus_162.jpg,Black Mould Rot
data\fruit\SenMangoFruitDDS_bgremoved\Alternaria\Alternaria_150.jpg,Alternaria
data\fruit\SenMangoFruitDDS_bgremoved\Anthracnose\Anthracnose_061.jpg,Anthracnose
data\fruit\SenMangoFruitDDS_bgremoved\Healthy\healthy_117.jpg,Healthy
data\fruit\SenMangoFruitDDS_bgremoved\Anthracnose\Anthracnose_041.jpg,Anthracnose
data\fruit\SenMangoFruitDDS_bgremoved\Black Mould Rot\Aspergillus_054.jpg,Black Mould Rot
data\fruit\SenMangoFruitDDS_bgremoved\Black Mould Rot\Aspergillus_061.jpg,Black Mould Rot
data\fruit\SenMangoFruitDDS_bgremoved\Healthy\healthy_015.jpg,Healthy
data\fruit\SenMangoFruitDDS_bgremoved\Anthracnose\Anthracnose_091.jpg,Anthracnose
data\fruit\SenMangoFruitDDS_bgremoved\Healthy\healthy_123.jpg,Healthy
data\fruit\SenMangoFruitDDS_bgremoved\Black Mould Rot\Aspergillus_129.jpg,Black Mould Rot
data\fruit\SenMangoFruitDDS_bgremoved\Alternaria\Alternaria_047.jpg,Alternaria
data\fruit\SenMangoFruitDDS_bgremoved\Stem and Rot\Lasiodiplodia_029.jpg,Stem and Rot
data\fruit\SenMangoFruitDDS_bgremoved\Anthracnose\Anthracnose_079.jpg,Anthracnose
data\fruit\SenMangoFruitDDS_bgremoved\Alternaria\Alternaria_129.jpg,Alternaria
data\fruit\SenMangoFruitDDS_bgremoved\Alternaria\Alternaria_140.jpg,Alternaria
data\fruit\SenMangoFruitDDS_bgremoved\Stem and Rot\Lasiodiplodia_023.jpg,Stem and Rot
data\fruit\SenMangoFruitDDS_bgremoved\Anthracnose\Anthracnose_072.jpg,Anthracnose
data\fruit\SenMangoFruitDDS_bgremoved\Alternaria\Alternaria_048.jpg,Alternaria
data\fruit\SenMangoFruitDDS_bgremoved\Alternaria\Alternaria_021.jpg,Alternaria
data\fruit\SenMangoFruitDDS_bgremoved\Black Mould Rot\Aspergillus_146.jpg,Black Mould Rot
data\fruit\SenMangoFruitDDS_bgremoved\Stem and Rot\Lasiodiplodia_102.jpg,Stem and Rot
data\fruit\SenMangoFruitDDS_bgremoved\Black Mould Rot\Aspergillus_075.jpg,Black Mould Rot
data\fruit\SenMangoFruitDDS_bgremoved\Black Mould Rot\Aspergillus_019.jpg,Black Mould Rot
data\fruit\SenMangoFruitDDS_bgremoved\Stem and Rot\Lasiodiplodia_119.jpg,Stem and Rot
data\fruit\SenMangoFruitDDS_bgremoved\Healthy\healthy_157.jpg,Healthy
data\fruit\SenMangoFruitDDS_bgremoved\Black Mould Rot\Aspergillus_161.jpg,Black Mould Rot
data\fruit\SenMangoFruitDDS_bgremoved\Anthracnose\Anthracnose_068.jpg,Anthracnose
data\fruit\SenMangoFruitDDS_bgremoved\Black Mould Rot\Aspergillus_133.jpg,Black Mould Rot
data\fruit\SenMangoFruitDDS_bgremoved\Anthracnose\Anthracnose_088.jpg,Anthracnose
data\fruit\SenMangoFruitDDS_bgremoved\Healthy\healthy_021.jpg,Healthy
data\fruit\SenMangoFruitDDS_bgremoved\Stem and Rot\Lasiodiplodia_072.jpg,Stem and Rot
data\fruit\SenMangoFruitDDS_bgremoved\Healthy\healthy_079.jpg,Healthy
data\fruit\SenMangoFruitDDS_bgremoved\Anthracnose\Anthracnose_111.jpg,Anthracnose
data\fruit\SenMangoFruitDDS_bgremoved\Stem and Rot\Lasiodiplodia_022.jpg,Stem and Rot
data\fruit\SenMangoFruitDDS_bgremoved\Anthracnose\Anthracnose_083.jpg,Anthracnose
data\fruit\SenMangoFruitDDS_bgremoved\Healthy\healthy_078.jpg,Healthy
data\fruit\SenMangoFruitDDS_bgremoved\Alternaria\Alternaria_143.jpg,Alternaria
data\fruit\SenMangoFruitDDS_bgremoved\Healthy\healthy_131.jpg,Healthy
data\fruit\SenMangoFruitDDS_bgremoved\Alternaria\Alternaria_117.jpg,Alternaria
data\fruit\SenMangoFruitDDS_bgremoved\Stem and Rot\Lasiodiplodia_070.jpg,Stem and Rot
data\fruit\SenMangoFruitDDS_bgremoved\Anthracnose\Anthracnose_110.jpg,Anthracnose
data\fruit\SenMangoFruitDDS_bgremoved\Anthracnose\Anthracnose_092.jpg,Anthracnose
data\fruit\SenMangoFruitDDS_bgremoved\Healthy\healthy_137.jpg,Healthy
data\fruit\SenMangoFruitDDS_bgremoved\Stem and Rot\Lasiodiplodia_139.jpg,Stem and Rot
data\fruit\SenMangoFruitDDS_bgremoved\Alternaria\Alternaria_151.jpg,Alternaria
data\fruit\SenMangoFruitDDS_bgremoved\Black Mould Rot\Aspergillus_093.jpg,Black Mould Rot
data\fruit\SenMangoFruitDDS_bgremoved\Healthy\healthy_159.jpg,Healthy
data\fruit\SenMangoFruitDDS_bgremoved\Black Mould Rot\Aspergillus_108.jpg,Black Mould Rot
data\fruit\SenMangoFruitDDS_bgremoved\Alternaria\Alternaria_034.jpg,Alternaria
data\fruit\SenMangoFruitDDS_bgremoved\Black Mould Rot\Aspergillus_105.jpg,Black Mould Rot
data\fruit\SenMangoFruitDDS_bgremoved\Healthy\healthy_040.jpg,Healthy
data\fruit\SenMangoFruitDDS_bgremoved\Alternaria\Alternaria_099.jpg,Alternaria
data\fruit\SenMangoFruitDDS_bgremoved\Black Mould Rot\Aspergillus_104.jpg,Black Mould Rot
data\fruit\SenMangoFruitDDS_bgremoved\Alternaria\Alternaria_159.jpg,Alternaria
data\fruit\SenMangoFruitDDS_bgremoved\Alternaria\Alternaria_144.jpg,Alternaria
data\fruit\SenMangoFruitDDS_bgremoved\Black Mould Rot\Aspergillus_102.jpg,Black Mould Rot
data\fruit\SenMangoFruitDDS_bgremoved\Healthy\healthy_177.jpg,Healthy
data\fruit\SenMangoFruitDDS_bgremoved\Black Mould Rot\Aspergillus_081.jpg,Black Mould Rot
data\fruit\SenMangoFruitDDS_bgremoved\Anthracnose\Anthracnose_023.jpg,Anthracnose
data\fruit\SenMangoFruitDDS_bgremoved\Black Mould Rot\Aspergillus_024.jpg,Black Mould Rot
data\fruit\SenMangoFruitDDS_bgremoved\Anthracnose\Anthracnose_032.jpg,Anthracnose
data\fruit\SenMangoFruitDDS_bgremoved\Alternaria\Alternaria_125.jpg,Alternaria
data\fruit\SenMangoFruitDDS_bgremoved\Stem and Rot\Lasiodiplodia_013.jpg,Stem and Rot
data\fruit\SenMangoFruitDDS_bgremoved\Black Mould Rot\Aspergillus_159.jpg,Black Mould Rot
data\fruit\SenMangoFruitDDS_bgremoved\Healthy\healthy_119.jpg,Healthy
data\fruit\SenMangoFruitDDS_bgremoved\Black Mould Rot\Aspergillus_118.jpg,Black Mould Rot
data\fruit\SenMangoFruitDDS_bgremoved\Stem and Rot\Lasiodiplodia_082.jpg,Stem and Rot
data\fruit\SenMangoFruitDDS_bgremoved\Alternaria\Alternaria_060.jpg,Alternaria
data\fruit\SenMangoFruitDDS_bgremoved\Alternaria\Alternaria_012.jpg,Alternaria
data\fruit\SenMangoFruitDDS_bgremoved\Stem and Rot\Lasiodiplodia_120.jpg,Stem and Rot
data\fruit\SenMangoFruitDDS_bgremoved\Alternaria\Alternaria_005.jpg,Alternaria
data\fruit\SenMangoFruitDDS_bgremoved\Anthracnose\Anthracnose_084.jpg,Anthracnose
data\fruit\SenMangoFruitDDS_bgremoved\Black Mould Rot\Aspergillus_103.jpg,Black Mould Rot
data\fruit\SenMangoFruitDDS_bgremoved\Anthracnose\Anthracnose_049.jpg,Anthracnose
data\fruit\SenMangoFruitDDS_bgremoved\Healthy\healthy_182.jpg,Healthy
data\fruit\SenMangoFruitDDS_bgremoved\Black Mould Rot\Aspergillus_046.jpg,Black Mould Rot
data\fruit\SenMangoFruitDDS_bgremoved\Healthy\healthy_118.jpg,Healthy
data\fruit\SenMangoFruitDDS_bgremoved\Black Mould Rot\Aspergillus_134.jpg,Black Mould Rot
data\fruit\SenMangoFruitDDS_bgremoved\Healthy\healthy_071.jpg,Healthy
data\fruit\SenMangoFruitDDS_bgremoved\Black Mould Rot\Aspergillus_176.jpg,Black Mould Rot
data\fruit\SenMangoFruitDDS_bgremoved\Black Mould Rot\Aspergillus_016.jpg,Black Mould Rot
data\fruit\SenMangoFruitDDS_bgremoved\Stem and Rot\Lasiodiplodia_069.jpg,Stem and Rot
data\fruit\SenMangoFruitDDS_bgremoved\Healthy\healthy_097.jpg,Healthy
data\fruit\SenMangoFruitDDS_bgremoved\Healthy\healthy_173.jpg,Healthy
data\fruit\SenMangoFruitDDS_bgremoved\Alternaria\Alternaria_089.jpg,Alternaria
data\fruit\SenMangoFruitDDS_bgremoved\Healthy\healthy_187.jpg,Healthy
data\fruit\SenMangoFruitDDS_bgremoved\Stem and Rot\Lasiodiplodia_111.jpg,Stem and Rot
data\fruit\SenMangoFruitDDS_bgremoved\Black Mould Rot\Aspergillus_066.jpg,Black Mould Rot
data\fruit\SenMangoFruitDDS_bgremoved\Alternaria\Alternaria_051.jpg,Alternaria
data\fruit\SenMangoFruitDDS_bgremoved\Anthracnose\Anthracnose_108.jpg,Anthracnose
data\fruit\SenMangoFruitDDS_bgremoved\Alternaria\Alternaria_082.jpg,Alternaria
data\fruit\SenMangoFruitDDS_bgremoved\Stem and Rot\Lasiodiplodia_006.jpg,Stem and Rot
data\fruit\SenMangoFruitDDS_bgremoved\Alternaria\Alternaria_015.jpg,Alternaria
data\fruit\SenMangoFruitDDS_bgremoved\Healthy\healthy_022.jpg,Healthy
data\fruit\SenMangoFruitDDS_bgremoved\Alternaria\Alternaria_036.jpg,Alternaria
data\fruit\SenMangoFruitDDS_bgremoved\Black Mould Rot\Aspergillus_120.jpg,Black Mould Rot
data\fruit\SenMangoFruitDDS_bgremoved\Stem and Rot\Lasiodiplodia_057.jpg,Stem and Rot
data\fruit\SenMangoFruitDDS_bgremoved\Anthracnose\Anthracnose_051.jpg,Anthracnose
data\fruit\SenMangoFruitDDS_bgremoved\Anthracnose\Anthracnose_036.jpg,Anthracnose
data\fruit\SenMangoFruitDDS_bgremoved\Stem and Rot\Lasiodiplodia_128.jpg,Stem and Rot
data\fruit\SenMangoFruitDDS_bgremoved\Alternaria\Alternaria_113.jpg,Alternaria
data\fruit\SenMangoFruitDDS_bgremoved\Black Mould Rot\Aspergillus_056.jpg,Black Mould Rot
data\fruit\SenMangoFruitDDS_bgremoved\Black Mould Rot\Aspergillus_158.jpg,Black Mould Rot
data\fruit\SenMangoFruitDDS_bgremoved\Alternaria\Alternaria_074.jpg,Alternaria
data\fruit\SenMangoFruitDDS_bgremoved\Stem and Rot\Lasiodiplodia_032.jpg,Stem and Rot
data\fruit\SenMangoFruitDDS_bgremoved\Stem and Rot\Lasiodiplodia_141.jpg,Stem and Rot
data\fruit\SenMangoFruitDDS_bgremoved\Anthracnose\Anthracnose_101.jpg,Anthracnose
data\fruit\SenMangoFruitDDS_bgremoved\Alternaria\Alternaria_029.jpg,Alternaria
data\fruit\SenMangoFruitDDS_bgremoved\Stem and Rot\Lasiodiplodia_143.jpg,Stem and Rot
data\fruit\SenMangoFruitDDS_bgremoved\Black Mould Rot\Aspergillus_064.jpg,Black Mould Rot
data\fruit\SenMangoFruitDDS_bgremoved\Stem and Rot\Lasiodiplodia_063.jpg,Stem and Rot
data\fruit\SenMangoFruitDDS_bgremoved\Healthy\healthy_092.jpg,Healthy
data\fruit\SenMangoFruitDDS_bgremoved\Alternaria\Alternaria_136.jpg,Alternaria
data\fruit\SenMangoFruitDDS_bgremoved\Alternaria\Alternaria_163.jpg,Alternaria
data\fruit\SenMangoFruitDDS_bgremoved\Black Mould Rot\Aspergillus_088.jpg,Black Mould Rot
data\fruit\SenMangoFruitDDS_bgremoved\Stem and Rot\Lasiodiplodia_061.jpg,Stem and Rot
data\fruit\SenMangoFruitDDS_bgremoved\Healthy\healthy_181.jpg,Healthy
data\fruit\SenMangoFruitDDS_bgremoved\Healthy\healthy_006.jpg,Healthy
data\fruit\SenMangoFruitDDS_bgremoved\Black Mould Rot\Aspergillus_011.jpg,Black Mould Rot
data\fruit\SenMangoFruitDDS_bgremoved\Stem and Rot\Lasiodiplodia_132.jpg,Stem and Rot
data\fruit\SenMangoFruitDDS_bgremoved\Alternaria\Alternaria_061.jpg,Alternaria
data\fruit\SenMangoFruitDDS_bgremoved\Healthy\healthy_189.jpg,Healthy
data\fruit\SenMangoFruitDDS_bgremoved\Stem and Rot\Lasiodiplodia_148.jpg,Stem and Rot
data\fruit\SenMangoFruitDDS_bgremoved\Stem and Rot\Lasiodiplodia_126.jpg,Stem and Rot
data\fruit\SenMangoFruitDDS_bgremoved\Black Mould Rot\Aspergillus_044.jpg,Black Mould Rot
data\fruit\SenMangoFruitDDS_bgremoved\Black Mould Rot\Aspergillus_123.jpg,Black Mould Rot
data\fruit\SenMangoFruitDDS_bgremoved\Alternaria\Alternaria_056.jpg,Alternaria
data\fruit\SenMangoFruitDDS_bgremoved\Black Mould Rot\Aspergillus_172.jpg,Black Mould Rot
data\fruit\SenMangoFruitDDS_bgremoved\Alternaria\Alternaria_161.jpg,Alternaria
data\fruit\SenMangoFruitDDS_bgremoved\Healthy\healthy_204.jpg,Healthy
data\fruit\SenMangoFruitDDS_bgremoved\Alternaria\Alternaria_027.jpg,Alternaria
data\fruit\SenMangoFruitDDS_bgremoved\Alternaria\Alternaria_040.jpg,Alternaria
data\fruit\SenMangoFruitDDS_bgremoved\Healthy\healthy_054.jpg,Healthy
data\fruit\SenMangoFruitDDS_bgremoved\Alternaria\Alternaria_032.jpg,Alternaria
data\fruit\SenMangoFruitDDS_bgremoved\Black Mould Rot\Aspergillus_035.jpg,Black Mould Rot
data\fruit\SenMangoFruitDDS_bgremoved\Black Mould Rot\Aspergillus_080.jpg,Black Mould Rot
data\fruit\SenMangoFruitDDS_bgremoved\Anthracnose\Anthracnose_102.jpg,Anthracnose
data\fruit\SenMangoFruitDDS_bgremoved\Alternaria\Alternaria_087.jpg,Alternaria
data\fruit\SenMangoFruitDDS_bgremoved\Black Mould Rot\Aspergillus_143.jpg,Black Mould Rot
data\fruit\SenMangoFruitDDS_bgremoved\Alternaria\Alternaria_069.jpg,Alternaria
data\fruit\SenMangoFruitDDS_bgremoved\Alternaria\Alternaria_119.jpg,Alternaria
data\fruit\SenMangoFruitDDS_bgremoved\Stem and Rot\Lasiodiplodia_156.jpg,Stem and Rot
data\fruit\SenMangoFruitDDS_bgremoved\Alternaria\Alternaria_041.jpg,Alternaria
data\fruit\SenMangoFruitDDS_bgremoved\Healthy\healthy_179.jpg,Healthy
data\fruit\SenMangoFruitDDS_bgremoved\Stem and Rot\Lasiodiplodia_113.jpg,Stem and Rot
data\fruit\SenMangoFruitDDS_bgremoved\Black Mould Rot\Aspergillus_178.jpg,Black Mould Rot
data\fruit\SenMangoFruitDDS_bgremoved\Stem and Rot\Lasiodiplodia_060.jpg,Stem and Rot
data\fruit\SenMangoFruitDDS_bgremoved\Healthy\healthy_050.jpg,Healthy
data\fruit\SenMangoFruitDDS_bgremoved\Stem and Rot\Lasiodiplodia_147.jpg,Stem and Rot
